<?xml version="1.0" encoding="UTF-8"?>
<datasources xmlns="http://www.jboss.org/ironjacamar/schema">
    <xa-datasource jndi-name="java:/jboss/datasources/forums_mdefault" pool-name="forums_mdefault">
        <xa-datasource-class>org.h2.jdbcx.JdbcDataSource</xa-datasource-class>
        <xa-datasource-property name="URL">jdbc:h2:mem:test</xa-datasource-property>
        <driver>h2</driver>
        <security>
            <user-name>sa</user-name>
        </security>
    </xa-datasource>
</datasources>
